chr1	0	84400000	chr1p3
chr1	84400000	106700000	chr1p2
chr1	106700000	123400000	chr1p1
chr1	123400000	143200000	chr1q1
chr1	143200000	185800000	chr1q2
chr1	185800000	214400000	chr1q3
chr1	214400000	248956422	chr1q4
chr10	0	39800000	chr10p1
chr10	39800000	51100000	chr10q1
chr10	51100000	133797422	chr10q2
chr11	0	53400000	chr11p1
chr11	53400000	93000000	chr11q1
chr11	93000000	135086622	chr11q2
chr12	0	35500000	chr12p1
chr12	35500000	71100000	chr12q1
chr12	71100000	133275309	chr12q2
chr13	0	17700000	chr13p1
chr13	17700000	54700000	chr13q1
chr13	54700000	78500000	chr13q2
chr13	78500000	114364328	chr13q3
chr14	0	17200000	chr14p1
chr14	17200000	37400000	chr14q1
chr14	37400000	78800000	chr14q2
chr14	78800000	107043718	chr14q3
chr15	0	19000000	chr15p1
chr15	19000000	44500000	chr15q1
chr15	44500000	101991189	chr15q2
chr16	0	36800000	chr16p1
chr16	36800000	57300000	chr16q1
chr16	57300000	90338345	chr16q2
chr17	0	25100000	chr17p1
chr17	25100000	39800000	chr17q1
chr17	39800000	83257441	chr17q2
chr18	0	18500000	chr18p1
chr18	18500000	45900000	chr18q1
chr18	45900000	80373285	chr18q2
chr19	0	26200000	chr19p1
chr19	26200000	58617616	chr19q1
chr2	0	47500000	chr2p2
chr2	47500000	93900000	chr2p1
chr2	93900000	129100000	chr2q1
chr2	129100000	168900000	chr2q2
chr2	168900000	242193529	chr2q3
chr20	0	28100000	chr20p1
chr20	28100000	64444167	chr20q1
chr21	0	12000000	chr21p1
chr21	12000000	15000000	chr21q1
chr21	15000000	46709983	chr21q2
chr22	0	15000000	chr22p1
chr22	15000000	50818468	chr22q1
chr3	0	54400000	chr3p2
chr3	54400000	90900000	chr3p1
chr3	90900000	122200000	chr3q1
chr3	122200000	198295559	chr3q2
chr4	0	50000000	chr4p1
chr4	50000000	75300000	chr4q1
chr4	75300000	138500000	chr4q2
chr4	138500000	190214555	chr4q3
chr5	0	48800000	chr5p1
chr5	48800000	98900000	chr5q1
chr5	98900000	131200000	chr5q2
chr5	131200000	181538259	chr5q3
chr6	0	46200000	chr6p2
chr6	46200000	59800000	chr6p1
chr6	59800000	105000000	chr6q1
chr6	105000000	170805979	chr6q2
chr7	0	20900000	chr7p2
chr7	20900000	60100000	chr7p1
chr7	60100000	77900000	chr7q1
chr7	77900000	107800000	chr7q2
chr7	107800000	159345973	chr7q3
chr8	0	29000000	chr8p2
chr8	29000000	45200000	chr8p1
chr8	45200000	72000000	chr8q1
chr8	72000000	145138636	chr8q2
chr9	0	33200000	chr9p2
chr9	33200000	43000000	chr9p1
chr9	43000000	65000000	chr9q1
chr9	65000000	99800000	chr9q2
chr9	99800000	138394717	chr9q3
chrX	0	37800000	chrXp2
chrX	37800000	61000000	chrXp1
chrX	61000000	76800000	chrXq1
chrX	76800000	156040895	chrXq2
chrY	0	10400000	chrYp1
chrY	10400000	57227415	chrYq1
